"Status","Start Time","Stop Time","Duration in ms","Parent Suite","Suite","Sub Suite","Test Class","Test Method","Name","Description"
"passed","Thu Oct 08 16:18:38 UTC 2026","Thu Oct 08 16:18:42 UTC 2026","3811","chromium","ui.spec.js","UI and Responsiveness Tests","","","Should verify responsive room grid layout",""
"passed","Thu Oct 08 16:18:07 UTC 2026","Thu Oct 08 16:18:08 UTC 2026","1208","chromium","smoke.spec.js","Smoke Tests","","","Navigation bar is present",""
"passed","Thu Oct 08 16:17:49 UTC 2026","Thu Oct 08 16:17:50 UTC 2026","1294","chromium","search.spec.js","Navigation and Search Tests","","","Should display multiple room cards",""
"passed","Thu Oct 08 16:17:29 UTC 2026","Thu Oct 08 16:17:31 UTC 2026","1728","chromium","booking.spec.js","Booking Form Tests","","","Should display all required booking form input fields",""
"passed","Thu Oct 08 16:17:59 UTC 2026","Thu Oct 08 16:18:01 UTC 2026","2042","chromium","search.spec.js","Navigation and Search Tests","","","Should display location section with map",""
"passed","Thu Oct 08 16:17:04 UTC 2026","Thu Oct 08 16:17:08 UTC 2026","3354","chromium","advanced-booking.spec.js","Advanced Booking Flow","","","Should handle multiple user bookings",""
"passed","Thu Oct 08 16:17:37 UTC 2026","Thu Oct 08 16:17:38 UTC 2026","1515","chromium","home.spec.js","Home Page Tests","","","Should display navigation menu",""
"passed","Thu Oct 08 16:17:43 UTC 2026","Thu Oct 08 16:17:46 UTC 2026","2486","chromium","search.spec.js","Navigation and Search Tests","","","Should navigate between page sections",""
"passed","Thu Oct 08 16:17:19 UTC 2026","Thu Oct 08 16:17:22 UTC 2026","3666","chromium","advanced-booking.spec.js","Advanced Booking Flow","","","Should verify all page sections are accessible",""
"passed","Thu Oct 08 16:18:20 UTC 2026","Thu Oct 08 16:18:23 UTC 2026","3447","chromium","ui.spec.js","UI and Responsiveness Tests","","","Should display navigation menu across viewports",""
"passed","Thu Oct 08 16:18:36 UTC 2026","Thu Oct 08 16:18:38 UTC 2026","1962","chromium","ui.spec.js","UI and Responsiveness Tests","","","Should measure page load performance",""
"passed","Thu Oct 08 16:18:12 UTC 2026","Thu Oct 08 16:18:13 UTC 2026","1593","chromium","smoke.spec.js","Smoke Tests","","","Basic form inputs are functional",""
"passed","Thu Oct 08 16:18:15 UTC 2026","Thu Oct 08 16:18:17 UTC 2026","1921","chromium","ui.spec.js","UI and Responsiveness Tests","","","Should be responsive on mobile landscape",""
"passed","Thu Oct 08 16:17:33 UTC 2026","Thu Oct 08 16:17:35 UTC 2026","2084","chromium","home.spec.js","Home Page Tests","","","Should load home page successfully",""
"passed","Thu Oct 08 16:18:30 UTC 2026","Thu Oct 08 16:18:32 UTC 2026","2055","chromium","ui.spec.js","UI and Responsiveness Tests","","","Should maintain layout integrity on desktop",""
"passed","Thu Oct 08 16:17:22 UTC 2026","Thu Oct 08 16:17:24 UTC 2026","1451","chromium","advanced-booking.spec.js","Advanced Booking Flow","","","Should validate booking form input validation",""
"passed","Thu Oct 08 16:17:14 UTC 2026","Thu Oct 08 16:17:16 UTC 2026","2011","chromium","advanced-booking.spec.js","Advanced Booking Flow","","","Should verify room selection and booking integration",""
"passed","Thu Oct 08 16:16:59 UTC 2026","Thu Oct 08 16:17:04 UTC 2026","5357","chromium","advanced-booking.spec.js","Advanced Booking Flow","","","Should complete full booking flow with generated data",""
"passed","Thu Oct 08 16:17:27 UTC 2026","Thu Oct 08 16:17:29 UTC 2026","1969","chromium","booking.spec.js","Booking Form Tests","","","Should load homepage with correct URL",""
"passed","Thu Oct 08 16:17:50 UTC 2026","Thu Oct 08 16:17:52 UTC 2026","1913","chromium","search.spec.js","Navigation and Search Tests","","","Should display room titles on all cards",""
"passed","Thu Oct 08 16:17:31 UTC 2026","Thu Oct 08 16:17:32 UTC 2026","1658","chromium","booking.spec.js","Booking Form Tests","","","Should validate booking form with test data",""
"passed","Thu Oct 08 16:17:46 UTC 2026","Thu Oct 08 16:17:47 UTC 2026","1329","chromium","search.spec.js","Navigation and Search Tests","","","Should display contact section",""
"passed","Thu Oct 08 16:17:47 UTC 2026","Thu Oct 08 16:17:49 UTC 2026","1802","chromium","search.spec.js","Navigation and Search Tests","","","Should have clickable room cards with book buttons",""
"passed","Thu Oct 08 16:17:52 UTC 2026","Thu Oct 08 16:17:55 UTC 2026","3027","chromium","search.spec.js","Navigation and Search Tests","","","Should display amenities on room cards",""
"passed","Thu Oct 08 16:18:10 UTC 2026","Thu Oct 08 16:18:12 UTC 2026","1442","chromium","smoke.spec.js","Smoke Tests","","","Booking form is present",""
"passed","Thu Oct 08 16:17:40 UTC 2026","Thu Oct 08 16:17:41 UTC 2026","1381","chromium","home.spec.js","Home Page Tests","","","Should display multiple page sections",""
"passed","Thu Oct 08 16:18:04 UTC 2026","Thu Oct 08 16:18:05 UTC 2026","1875","chromium","search.spec.js","Navigation and Search Tests","","","Should have all key sections on home page",""
"passed","Thu Oct 08 16:18:08 UTC 2026","Thu Oct 08 16:18:10 UTC 2026","2537","chromium","smoke.spec.js","Smoke Tests","","","Room cards are displayed",""
"passed","Thu Oct 08 16:17:38 UTC 2026","Thu Oct 08 16:17:40 UTC 2026","1360","chromium","home.spec.js","Home Page Tests","","","Should display footer with content",""
"passed","Thu Oct 08 16:17:57 UTC 2026","Thu Oct 08 16:17:58 UTC 2026","1257","chromium","search.spec.js","Navigation and Search Tests","","","Should display room prices",""
"passed","Thu Oct 08 16:17:35 UTC 2026","Thu Oct 08 16:17:37 UTC 2026","1301","chromium","home.spec.js","Home Page Tests","","","Should display room cards on page",""
"passed","Thu Oct 08 16:18:01 UTC 2026","Thu Oct 08 16:18:04 UTC 2026","2103","chromium","search.spec.js","Navigation and Search Tests","","","Should retrieve and display room details",""
"passed","Thu Oct 08 16:18:23 UTC 2026","Thu Oct 08 16:18:26 UTC 2026","2956","chromium","ui.spec.js","UI and Responsiveness Tests","","","Should handle page reload without errors",""
"passed","Thu Oct 08 16:18:26 UTC 2026","Thu Oct 08 16:18:30 UTC 2026","4201","chromium","ui.spec.js","UI and Responsiveness Tests","","","Should handle multiple page reloads",""
"passed","Thu Oct 08 16:17:55 UTC 2026","Thu Oct 08 16:17:57 UTC 2026","1644","chromium","search.spec.js","Navigation and Search Tests","","","Should scroll to booking section when clicked",""
"passed","Thu Oct 08 16:17:41 UTC 2026","Thu Oct 08 16:17:43 UTC 2026","2471","chromium","home.spec.js","Home Page Tests","","","Should have clickable room book buttons",""
"passed","Thu Oct 08 16:18:05 UTC 2026","Thu Oct 08 16:18:07 UTC 2026","1255","chromium","smoke.spec.js","Smoke Tests","","","Application loads successfully",""
"passed","Thu Oct 08 16:17:32 UTC 2026","Thu Oct 08 16:17:33 UTC 2026","1169","chromium","booking.spec.js","Booking Form Tests","","","Should show booking form is interactive",""
"passed","Thu Oct 08 16:17:09 UTC 2026","Thu Oct 08 16:17:14 UTC 2026","5140","chromium","advanced-booking.spec.js","Advanced Booking Flow","","","Should test booking form across different viewports",""
"passed","Thu Oct 08 16:17:25 UTC 2026","Thu Oct 08 16:17:27 UTC 2026","1937","chromium","booking.spec.js","Booking Form Tests","","","Should display booking form on page load",""
"passed","Thu Oct 08 16:17:16 UTC 2026","Thu Oct 08 16:17:19 UTC 2026","2210","chromium","advanced-booking.spec.js","Advanced Booking Flow","","","Should measure and validate page performance",""
"passed","Thu Oct 08 16:17:24 UTC 2026","Thu Oct 08 16:17:25 UTC 2026","1183","chromium","advanced-booking.spec.js","Advanced Booking Flow","","","Should handle form clear and refill",""
"passed","Thu Oct 08 16:17:08 UTC 2026","Thu Oct 08 16:17:09 UTC 2026","1487","chromium","advanced-booking.spec.js","Advanced Booking Flow","","","Should validate form with different date ranges",""
"passed","Thu Oct 08 16:18:17 UTC 2026","Thu Oct 08 16:18:20 UTC 2026","2122","chromium","ui.spec.js","UI and Responsiveness Tests","","","Should be responsive on tablet viewport",""
"passed","Thu Oct 08 16:18:32 UTC 2026","Thu Oct 08 16:18:36 UTC 2026","3627","chromium","ui.spec.js","UI and Responsiveness Tests","","","Should have consistent UI after navigation and reload",""
"passed","Thu Oct 08 16:17:58 UTC 2026","Thu Oct 08 16:17:59 UTC 2026","1190","chromium","search.spec.js","Navigation and Search Tests","","","Should display hero section on page",""
"passed","Thu Oct 08 16:18:13 UTC 2026","Thu Oct 08 16:18:15 UTC 2026","2007","chromium","ui.spec.js","UI and Responsiveness Tests","","","Should be responsive on mobile viewport",""
